faq_id,question,answer
1,What sizes are available?,"We offer sizes from XS to XL in most of our products."
2,How can I return an item?,"You can initiate a return through our website or contact customer support for assistance."
3,Do you have gift cards?,"Yes, we offer gift cards for purchase. They are available in various denominations."
4,What is your shipping policy?,"We offer standard shipping within 3-5 business days. Expedited shipping options are also available."
5,How can I contact customer support?,"You can contact our customer support team via email at support@example.com or by phone at +1234567890."
6,What payment methods do you accept?,"We accept Visa, MasterCard, American Express, PayPal, and Apple Pay."
7,Can I track my order?,"Yes, you can track your order using the tracking link provided in your shipment confirmation email."
8,What is your return policy?,"We offer a 30-day return policy on all items. Items must be in their original condition and packaging."
9,Do you offer international shipping?,"Yes, we ship to several countries outside of the US. Shipping fees and delivery times may vary."
10,How do I cancel my order?,"To cancel an order, please contact customer support as soon as possible. Orders can only be canceled before they are shipped."
11,What fabrics do you use?,"We use a variety of fabrics, including cotton, polyester, and blends. Specific fabric information is available on the product pages."
12,Do you have a size guide?,"Yes, we provide a size guide on our website to help you choose the right fit."
13,How do I create an account?,"You can create an account by clicking the ""Sign Up"" button on our website and following the instructions."
14,What should I do if I receive a defective item?,"If you receive a defective item, please contact customer support immediately for assistance with a replacement or refund."
15,Do you have any physical stores?,"Currently, we operate exclusively online and do not have physical store locations."
16,How can I update my account information?,"You can update your account information by logging into your account and navigating to the ""Account Settings"" section."
17,Can I change my shipping address after placing an order?,"If your order has not been shipped yet, you can update your shipping address by contacting customer support."
18,How do I use a promo code?,"You can apply a promo code at checkout in the designated field to receive a discount on your purchase."
19,Are there any membership benefits?,"Yes, members receive exclusive discounts, early access to sales, and other special offers."
20,What is your exchange policy?,"We currently do not offer direct exchanges. Instead, please return the unwanted item and place a new order for the desired item."
21,Do you have a loyalty program?,"Yes, we offer a loyalty program where you can earn points on purchases and redeem them for discounts and other perks."
22,How can I unsubscribe from your newsletter?,"You can unsubscribe by clicking the ""Unsubscribe"" link at the bottom of any newsletter email or by updating your preferences in your account settings."
23,What is your contact page URL?,"For extra help, please visit our customer service contact page at [H&M Customer Service](https://www2.hm.com/en_in/customer-service/contact.html)."
24,Can I track my order?,"Yes, you can track your order using the tracking link provided in your shipment confirmation email."
25,What is the delivery time for my order?,"Delivery time for standard shipping is within 3-5 business days. Expedited shipping options are also available."
26,How can I expedite my shipping?,"To expedite shipping, please contact customer support for available options."
27,Can I change my shipping address?,"If your order has not been shipped yet, you can update your shipping address by contacting customer support."
28,How do I initiate a return?,"You can initiate a return through our website or contact customer support for assistance."
29,What is the refund process?,"Once your return is received and processed, refunds are typically issued within 7-10 business days."
30,Can you check the availability of a specific product?,"Please provide the product name or ID, and we can check its availability for you."
31,How do I choose the right size?,"Refer to our size guide available on our website for detailed instructions on choosing the correct size."
32,What payment methods do you accept?,"We accept Visa, MasterCard, American Express, PayPal, Apple Pay, and other major credit/debit cards."
33,Is PayPal accepted for payment?,"Yes, PayPal is accepted as a payment method."
34,How can I apply a discount code?,"You can apply a discount code at checkout in the designated field before completing your purchase."
35,Are there any current promotions or discounts?,"Visit our website's promotions section or subscribe to our newsletter for current promotions and discounts."
36,What are the benefits of your membership program?,"Membership benefits include exclusive discounts, early access to sales, and rewards points on purchases."
37,How can I join your loyalty program?,"You can join our loyalty program by signing up on our website or during checkout."
38,How can I contact customer support?,"You can contact our customer support team via email at support@example.com or by phone at +1234567890."
39,Where can I find your store locations?,"Currently, we operate exclusively online and do not have physical store locations."
40,Can you provide more details about a specific product?,"Please provide the product name or ID, and we can provide detailed information about it."
41,Do you have customer reviews for this product?,"Customer reviews are available on each product's page on our website."
42,How do I reset my password?,"You can reset your password by clicking the ""Forgot Password?"" link on the login page."
43,Can I update my account information?,"You can update your account information by logging into your account and editing your profile."
44,What are your shipping options?,"We offer standard and expedited shipping options. Delivery times and fees vary based on your location and selected shipping method."
45,Can I track my package?,"Yes, you can track your package using the tracking number provided in your shipping confirmation email."
46,Can I exchange an item?,"We currently do not offer direct exchanges. Please return the unwanted item and place a new order for the desired item."
47,What is your policy on exchanging items?,"We do not offer direct exchanges. Please return the unwanted item and place a new order for the desired item."
48,How do you protect my personal information?,"We take your privacy seriously and implement strict security measures to protect your personal information."
49,Can I access my data privacy settings?,"You can manage your data privacy settings in your account settings on our website."
50,How do I cancel my order?,"To cancel an order, please contact customer support as soon as possible. Orders can only be canceled before they are shipped."
